Year,MG,Location,Planting,Yield,VE,R1,R4,R7,R8,bushels,moisture,Notes
2014,2.7,Kanawha,5/7/2014,3232,5/23/2014,6/25/2014,7/1/2014,10/6/2014,10/15/2014,56.3270855172,14.5,Treated
2014,2.5,Kanawha,5/7/2014,2785,5/23/2014,6/25/2014,7/1/2014,10/2/2014,10/15/2014,49.7045747126,16.5,Treated
2014,2.2,Kanawha,5/7/2014,3241,5/23/2014,6/25/2014,7/1/2014,9/25/2014,10/15/2014,56.3539558621,14.3,
2014,2.7,Kanawha,5/20/2014,3004,5/30/2014,6/28/2014,7/5/2014,10/9/2014,10/15/2014,54.4548733793,17.8,
2014,2.5,Kanawha,5/20/2014,3344,5/30/2014,6/28/2014,7/5/2014,10/2/2014,10/15/2014,58.5538081839,14.9,
2014,2.2,Kanawha,5/20/2014,3130,5/30/2014,6/28/2014,7/5/2014,9/29/2014,10/15/2014,54.9304951724,15.1,
2014,2.5,Kanawha,6/10/2014,2734,6/17/2014,7/28/2014,8/4/2014,10/8/2014,10/15/2014,48.6688369655,16.3,
2014,2.2,Kanawha,6/10/2014,2278,6/17/2014,7/28/2014,8/4/2014,10/8/2014,10/15/2014,40.5032562759,16.2,
2014,2.7,Kanawha,6/10/2014,2291,6/17/2014,7/28/2014,8/4/2014,10/14/2014,10/15/2014,41.4723132874,17.7,
2014,2.2,Kanawha,7/9/2014,1927,7/15/2014,8/13/2014,8/20/2014,10/15/2014,10/15/2014,35.8983356322,20,Killing frost
2014,2.5,Kanawha,7/9/2014,,7/15/2014,8/13/2014,8/20/2014,10/15/2014,10/15/2014,38.8258346667,24.6,Killing frost
2014,2.7,Kanawha,7/9/2014,1509,7/15/2014,8/13/2014,8/20/2014,10/15/2014,10/15/2014,28.9356228966,22.3,Killing frost
2014,2.5,Kanawha,6/10/2014,2522,6/17/2014,7/28/2014,8/4/2014,10/8/2014,10/15/2014,47.0282216092,20.1,
2014,2.7,Kanawha,6/10/2014,2330,6/17/2014,7/28/2014,8/4/2014,10/14/2014,10/15/2014,44.7878022989,22.5,
2014,2.2,Kanawha,6/10/2014,2593,6/17/2014,7/28/2014,8/4/2014,10/8/2014,10/15/2014,46.4433493333,16.8,
2014,2.5,Kanawha,5/20/2014,2940,5/30/2014,6/28/2014,7/5/2014,10/2/2014,10/15/2014,51.408544,14.8,
2014,2.7,Kanawha,5/20/2014,2967,5/30/2014,6/28/2014,7/5/2014,10/9/2014,10/15/2014,51.7132303448,14.5,
2014,2.2,Kanawha,5/20/2014,3199,5/30/2014,6/28/2014,7/5/2014,9/29/2014,10/15/2014,55.4914789885,14.1,
2014,2.2,Kanawha,5/7/2014,3163,5/23/2014,6/25/2014,7/1/2014,9/25/2014,10/15/2014,54.7393318621,13.9,
2014,2.5,Kanawha,5/7/2014,2863,5/23/2014,6/25/2014,7/1/2014,10/2/2014,10/15/2014,50.726104,15.9,Treated 
2014,2.7,Kanawha,5/7/2014,2848,5/23/2014,6/25/2014,7/1/2014,10/6/2014,10/15/2014,49.7415478621,14.7,Treated 
2014,2.5,Kanawha,7/9/2014,1235,7/15/2014,8/13/2014,8/20/2014,10/15/2014,10/15/2014,23.7179137471,22.4,
2014,2.2,Kanawha,7/9/2014,1605,7/15/2014,8/13/2014,8/20/2014,10/15/2014,10/15/2014,31.4735742529,24,Killing frost
2014,2.7,Kanawha,7/9/2014,1252,7/15/2014,8/13/2014,8/20/2014,10/15/2014,10/15/2014,23.9396191264,22.1,Killing frost
2014,2.5,Kanawha,6/10/2014,1264,6/17/2014,7/28/2014,8/4/2014,10/9/2014,10/15/2014,22.1067166897,14.8,"very wet spot, killing frost"
2014,2.7,Kanawha,6/10/2014,780,6/17/2014,7/28/2014,8/4/2014,10/14/2014,10/15/2014,14.5957487816,20.4,very wet spot
2014,2.2,Kanawha,6/10/2014,,6/17/2014,7/28/2014,8/4/2014,10/8/2014,10/15/2014,12.6868527816,15.6,very wet spot
2014,2.2,Kanawha,7/9/2014,,7/15/2014,8/13/2014,8/20/2014,10/15/2014,10/15/2014,13.5860914023,20.4,Killing frost
2014,2.5,Kanawha,7/9/2014,285,7/15/2014,8/13/2014,8/20/2014,10/15/2014,10/15/2014,5.1583051034,17.8,Killing frost
2014,2.7,Kanawha,7/9/2014,219,7/15/2014,8/13/2014,8/20/2014,10/15/2014,10/15/2014,4.0856275862,20,Killing frost
2014,2.5,Kanawha,5/20/2014,,5/30/2014,6/28/2014,7/5/2014,,,,,drowned  out no crop
2014,2.2,Kanawha,5/20/2014,,5/30/2014,6/28/2014,7/5/2014,,,,,drowned  out no crop
2014,2.7,Kanawha,5/20/2014,,5/30/2014,6/28/2014,7/5/2014,,,,,drowned  out
2014,2.5,Kanawha,5/7/2014,,5/23/2014,6/25/2014,7/1/2014,,,,,"treated, wet spot"
2014,2.7,Kanawha,5/7/2014,,5/23/2014,6/25/2014,7/1/2014,,,,,"treated, wet area"
2014,2.2,Kanawha,5/7/2014,,5/23/2014,6/25/2014,7/1/2014,,,,,"wet area,  drowned out"
2014,2.7,Kanawha,7/9/2014,1342,7/15/2014,8/13/2014,8/20/2014,10/15/2014,10/15/2014,26.0969684598,23.4,Killing frost
2014,2.5,Kanawha,7/9/2014,1511,7/15/2014,8/13/2014,8/20/2014,10/15/2014,10/15/2014,31.9900189425,29.6,Killing frost
2014,2.2,Kanawha,7/9/2014,1391,7/15/2014,8/13/2014,8/20/2014,10/15/2014,10/15/2014,26.8084929655,22.7,Killing frost
2014,2.2,Kanawha,5/7/2014,2698,5/23/2014,6/25/2014,7/1/2014,9/25/2014,10/15/2014,48.7930747586,17.6,
2014,2.7,Kanawha,5/7/2014,2642,5/23/2014,6/25/2014,7/1/2014,10/6/2014,10/15/2014,46.0434206897,14.5,Treated
2014,2.5,Kanawha,5/7/2014,2796,5/23/2014,6/25/2014,7/1/2014,10/1/2014,10/15/2014,48.7261158621,14.5,Treated
2014,2.2,Kanawha,6/10/2014,2291,6/17/2014,7/28/2014,8/4/2014,10/8/2014,10/15/2014,40.013426023,14.7,
2014,2.7,Kanawha,6/10/2014,2235,6/17/2014,7/28/2014,8/4/2014,10/14/2014,10/15/2014,39.6002346667,15.9,
2014,2.5,Kanawha,6/10/2014,2354,6/17/2014,7/28/2014,8/4/2014,10/8/2014,10/15/2014,41.3545622069,15.2,
2014,2.2,Kanawha,5/20/2014,2663,5/30/2014,6/28/2014,7/5/2014,9/29/2014,10/15/2014,46.2941549425,14.3,
2014,2.7,Kanawha,5/20/2014,2396,5/30/2014,6/28/2014,7/5/2014,10/9/2014,10/15/2014,44.1243106207,19.1,
2014,2.5,Kanawha,5/20/2014,2746,5/30/2014,6/28/2014,7/5/2014,10/2/2014,10/15/2014,47.9667588046,14.7,
2014,3.9,Armstrong,5/5/2014,4362,5/19/2014,6/25/2014,7/22/2014,10/3/2014,10/30/2014,72.78,10.70,
2014,3.5,Armstrong,5/5/2014,4060,5/19/2014,6/25/2014,7/22/2014,9/26/2014,10/30/2014,66.80,9.44,
2014,2.5,Armstrong,5/5/2014,,5/19/2014,6/25/2014,7/22/2014,9/22/2014,10/30/2014,0.00,0.00,Electrical error on combine
2014,3.9,Armstrong,5/19/2014,4671,5/28/2014,7/11/2014,7/25/2014,10/10/2014,10/30/2014,78.02,10.80,
2014,3.5,Armstrong,5/19/2014,4060,5/28/2014,7/11/2014,7/25/2014,10/3/2014,10/30/2014,68.36,11.50,
2014,2.5,Armstrong,5/19/2014,3805,5/28/2014,7/11/2014,7/25/2014,9/29/2014,10/30/2014,63.55,10.80,
2014,3.5,Armstrong,6/3/2014,3592,6/15/2014,7/24/2014,8/6/2014,10/6/2014,10/30/2014,60.06,10.90,
2014,2.5,Armstrong,6/3/2014,2765,6/15/2014,7/24/2014,8/6/2014,10/1/2014,10/30/2014,46.18,10.80,
2014,3.9,Armstrong,6/3/2014,3746,6/15/2014,7/24/2014,8/6/2014,10/13/2014,10/30/2014,62.30,10.40,
2014,2.5,Armstrong,7/3/2014,1990,7/10/2014,8/14/2014,8/26/2014,10/10/2014,10/30/2014,33.28,10.90,
2014,3.5,Armstrong,7/3/2014,1897,7/10/2014,8/14/2014,8/26/2014,10/16/2014,10/30/2014,32.23,12.30,
2014,3.9,Armstrong,7/3/2014,1462,7/10/2014,8/14/2014,8/26/2014,10/23/2014,10/30/2014,25.47,14.50,
2014,3.5,Armstrong,6/3/2014,3485,6/15/2014,7/24/2014,8/6/2014,10/6/2014,10/30/2014,59.62,12.90,
2014,3.9,Armstrong,6/3/2014,3354,6/15/2014,7/24/2014,8/6/2014,10/13/2014,10/30/2014,55.84,10.50,
2014,2.5,Armstrong,6/3/2014,3363,6/15/2014,7/24/2014,8/6/2014,10/1/2014,10/30/2014,56.56,11.40,
2014,3.5,Armstrong,5/19/2014,4208,5/28/2014,7/11/2014,7/25/2014,10/3/2014,10/30/2014,70.21,10.70,
2014,3.9,Armstrong,5/19/2014,4301,5/28/2014,7/11/2014,7/25/2014,10/10/2014,10/30/2014,71.44,10.30,
2014,2.5,Armstrong,5/19/2014,3930,5/28/2014,7/11/2014,7/25/2014,9/29/2014,10/30/2014,65.50,10.60,
2014,2.5,Armstrong,5/5/2014,4127,5/19/2014,6/25/2014,7/22/2014,9/22/2014,10/30/2014,68.71,10.50,
2014,3.5,Armstrong,5/5/2014,4149,5/19/2014,6/25/2014,7/22/2014,9/26/2014,10/30/2014,69.16,10.60,
2014,3.9,Armstrong,5/5/2014,4668,5/19/2014,6/25/2014,7/22/2014,10/3/2014,10/30/2014,77.24,9.96,
2014,3.5,Armstrong,7/3/2014,2281,7/10/2014,8/14/2014,8/26/2014,10/16/2014,10/30/2014,38.24,11.10,
2014,2.5,Armstrong,7/3/2014,2155,7/10/2014,8/14/2014,8/26/2014,10/10/2014,10/30/2014,35.91,10.60,
2014,3.9,Armstrong,7/3/2014,1985,7/10/2014,8/14/2014,8/26/2014,10/23/2014,10/30/2014,33.99,13.00,
2014,3.5,Armstrong,6/3/2014,3666,6/15/2014,7/24/2014,8/6/2014,10/6/2014,10/30/2014,61.10,10.60,
2014,3.9,Armstrong,6/3/2014,3602,6/15/2014,7/24/2014,8/6/2014,10/13/2014,10/30/2014,59.91,10.40,
2014,2.5,Armstrong,6/3/2014,3292,6/15/2014,7/24/2014,8/6/2014,10/1/2014,10/30/2014,55.05,10.90,
2014,2.5,Armstrong,7/3/2014,1932,7/10/2014,8/14/2014,8/26/2014,10/10/2014,10/30/2014,32.31,10.90,
2014,3.5,Armstrong,7/3/2014,2022,7/10/2014,8/14/2014,8/26/2014,10/16/2014,10/30/2014,34.20,11.90,
2014,3.9,Armstrong,7/3/2014,1964,7/10/2014,8/14/2014,8/26/2014,10/23/2014,10/30/2014,33.95,13.80,
2014,3.5,Armstrong,5/19/2014,3798,5/28/2014,7/11/2014,7/25/2014,10/3/2014,10/30/2014,65.19,13.20,
2014,2.5,Armstrong,5/19/2014,3661,5/28/2014,7/11/2014,7/25/2014,9/29/2014,10/30/2014,61.01,10.60,
2014,3.9,Armstrong,5/19/2014,4780,5/28/2014,7/11/2014,7/25/2014,10/10/2014,10/30/2014,79.66,10.60,
2014,3.5,Armstrong,5/5/2014,4112,5/19/2014,6/25/2014,7/22/2014,9/26/2014,10/30/2014,68.38,10.40,
2014,3.9,Armstrong,5/5/2014,4466,5/19/2014,6/25/2014,7/22/2014,10/3/2014,10/30/2014,74.34,10.50,
2014,2.5,Armstrong,5/5/2014,3302,5/19/2014,6/25/2014,7/22/2014,9/22/2014,10/30/2014,56.82,13.40,
2014,3.9,Armstrong,7/3/2014,2257,7/10/2014,8/14/2014,8/26/2014,10/23/2014,10/30/2014,38.35,12.30,
2014,3.5,Armstrong,7/3/2014,2111,7/10/2014,8/14/2014,8/26/2014,10/16/2014,10/30/2014,35.39,11.10,
2014,2.5,Armstrong,7/3/2014,1773,7/10/2014,8/14/2014,8/26/2014,10/10/2014,10/30/2014,30.12,12.30,
2014,2.5,Armstrong,5/5/2014,3597,5/19/2014,6/25/2014,7/22/2014,9/22/2014,10/30/2014,59.88,10.50,
2014,3.9,Armstrong,5/5/2014,4591,5/19/2014,6/25/2014,7/22/2014,10/3/2014,10/30/2014,76.51,10.60,
2014,3.5,Armstrong,5/5/2014,4466,5/19/2014,6/25/2014,7/22/2014,9/26/2014,10/30/2014,74.10,10.20,
2014,2.5,Armstrong,6/3/2014,3552,6/15/2014,7/24/2014,8/6/2014,10/1/2014,10/30/2014,59.00,10.30,
2014,3.9,Armstrong,6/3/2014,3797,6/15/2014,7/24/2014,8/6/2014,10/13/2014,10/30/2014,63.14,10.40,
2014,3.5,Armstrong,6/3/2014,3796,6/15/2014,7/24/2014,8/6/2014,10/6/2014,10/30/2014,63.06,10.30,
2014,2.5,Armstrong,5/19/2014,3968,6/15/2014,7/11/2014,7/25/2014,9/29/2014,10/30/2014,67.18,12.00,
2014,3.9,Armstrong,5/19/2014,4575,5/28/2014,7/11/2014,7/25/2014,10/10/2014,10/30/2014,76.85,11.30,
2014,3.5,Armstrong,5/19/2014,4220,5/28/2014,7/11/2014,7/25/2014,10/3/2014,10/30/2014,71.78,12.40,
2014,3.9,McNay,5/6/2014,4149,5/21/2014,7/7/2014,7/17/2014,9/21/2014,10/28/2014,69.93,11.60,
2014,3.5,McNay,5/6/2014,4113,5/21/2014,7/7/2014,7/17/2014,9/21/2014,10/28/2014,69.88,12.30,
2014,2.5,McNay,5/6/2014,3510,5/21/2014,7/7/2014,7/17/2014,9/21/2014,10/28/2014,59.78,12.50,
2014,3.9,McNay,5/20/2014,4495,5/27/2014,7/16/2014,7/21/2014,9/27/2014,10/28/2014,76.19,12.10,
2014,3.5,McNay,5/20/2014,4606,5/27/2014,7/16/2014,7/21/2014,9/27/2014,10/28/2014,78.26,12.30,
2014,2.5,McNay,5/20/2014,4434,5/27/2014,7/16/2014,7/21/2014,9/27/2014,10/28/2014,75.34,12.30,
2014,3.5,McNay,6/12/2014,3713,6/19/2014,7/27/2014,8/2/2014,10/4/2014,10/28/2014,62.86,12.00,
2014,2.5,McNay,6/12/2014,3358,6/19/2014,7/27/2014,8/2/2014,10/4/2014,10/28/2014,56.92,12.10,
2014,3.9,McNay,6/12/2014,3805,6/19/2014,7/27/2014,8/2/2014,10/4/2014,10/28/2014,64.28,11.80,
2014,2.5,McNay,6/26/2014,2781,7/3/2014,8/4/2014,8/8/2014,10/19/2014,10/30/2014,47.63,13.00,
2014,3.5,McNay,6/26/2014,2889,7/3/2014,8/4/2014,8/8/2014,10/19/2014,10/30/2014,49.76,13.50,
2014,3.9,McNay,6/26/2014,2555,7/3/2014,8/4/2014,8/8/2014,10/19/2014,10/30/2014,43.61,12.70,
2014,3.5,McNay,6/12/2014,3988,6/19/2014,7/27/2014,8/2/2014,10/4/2014,10/28/2014,67.44,11.90,
2014,3.9,McNay,6/12/2014,4037,6/19/2014,7/27/2014,8/2/2014,10/4/2014,10/28/2014,68.20,11.80,
2014,2.5,McNay,6/12/2014,3275,6/19/2014,7/27/2014,8/2/2014,10/4/2014,10/28/2014,55.59,12.20,
2014,3.5,McNay,5/20/2014,4779,5/27/2014,7/16/2014,7/21/2014,9/27/2014,10/28/2014,81.29,12.40,
2014,3.9,McNay,5/20/2014,4527,5/27/2014,7/16/2014,7/21/2014,9/27/2014,10/28/2014,77.00,12.40,
2014,2.5,McNay,5/20/2014,4433,5/27/2014,7/16/2014,7/21/2014,9/27/2014,10/28/2014,75.22,12.20,
2014,2.5,McNay,5/6/2014,3398,5/21/2014,7/7/2014,7/17/2014,9/21/2014,10/28/2014,57.41,11.80,
2014,3.5,McNay,5/6/2014,4256,5/21/2014,7/7/2014,7/17/2014,9/21/2014,10/28/2014,71.82,11.70,
2014,3.9,McNay,5/6/2014,4060,5/21/2014,7/7/2014,7/17/2014,9/21/2014,10/28/2014,69.62,13.10,
2014,3.5,McNay,6/26/2014,2915,7/3/2014,8/4/2014,8/8/2014,10/19/2014,10/30/2014,49.69,12.60,
2014,2.5,McNay,6/26/2014,2773,7/3/2014,8/4/2014,8/8/2014,10/19/2014,10/30/2014,46.63,11.40,
2014,3.9,McNay,6/26/2014,2983,7/3/2014,8/4/2014,8/8/2014,10/19/2014,10/30/2014,50.22,11.50,
2014,3.5,McNay,6/12/2014,3708,6/19/2014,7/27/2014,8/2/2014,10/5/2014,10/28/2014,63.36,12.80,
2014,3.9,McNay,6/12/2014,3242,6/19/2014,7/27/2014,8/2/2014,10/5/2014,10/28/2014,55.40,12.80,
2014,2.5,McNay,6/12/2014,3036,6/19/2014,7/27/2014,8/2/2014,10/5/2014,10/28/2014,51.40,12.00,
2014,2.5,McNay,6/26/2014,2702,7/3/2014,8/4/2014,8/8/2014,10/19/2014,10/30/2014,45.49,11.50,
2014,3.5,McNay,6/26/2014,2846,7/3/2014,8/4/2014,8/8/2014,10/19/2014,10/30/2014,48.13,11.90,
2014,3.9,McNay,6/26/2014,2883,7/3/2014,8/4/2014,8/8/2014,10/19/2014,10/30/2014,48.98,12.30,
2014,3.5,McNay,5/20/2014,5334,5/27/2014,7/16/2014,7/21/2014,9/27/2014,10/28/2014,90.83,12.50,
2014,2.5,McNay,5/20/2014,4824,5/27/2014,7/16/2014,7/21/2014,9/27/2014,10/28/2014,81.97,12.30,
2014,3.9,McNay,5/20/2014,4713,5/21/2014,7/16/2014,7/21/2014,9/27/2014,10/28/2014,80.63,12.90,
2014,3.5,McNay,5/6/2014,4421,5/21/2014,7/7/2014,7/17/2014,9/21/2014,10/28/2014,75.80,13.10,
2014,3.9,McNay,5/6/2014,4179,5/21/2014,7/7/2014,7/17/2014,9/21/2014,10/28/2014,71.17,12.50,
2014,2.5,McNay,5/6/2014,4268,5/21/2014,7/7/2014,7/17/2014,9/21/2014,10/28/2014,72.85,12.70,
2014,3.9,McNay,6/26/2014,2532,7/3/2014,8/4/2014,8/8/2014,10/19/2014,10/30/2014,43.41,13.10,
2014,3.5,McNay,6/26/2014,2603,7/3/2014,8/4/2014,8/8/2014,10/19/2014,10/30/2014,44.89,13.60,
2014,2.5,McNay,6/26/2014,2694,7/3/2014,8/4/2014,8/8/2014,10/19/2014,10/30/2014,46.30,13.30,
2014,2.5,McNay,5/6/2014,4991,5/21/2014,7/7/2014,7/17/2014,9/21/2014,10/28/2014,85.09,12.60,
2014,3.9,McNay,5/6/2014,3896,5/21/2014,7/7/2014,7/17/2014,9/21/2014,10/28/2014,66.42,12.60,
2014,3.5,McNay,5/6/2014,3901,5/21/2014,7/7/2014,7/17/2014,9/21/2014,10/28/2014,66.65,12.80,
2014,2.5,McNay,6/12/2014,3592,6/19/2014,7/27/2014,8/2/2014,10/5/2014,10/28/2014,60.62,11.70,
2014,3.9,McNay,6/12/2014,3822,6/19/2014,7/27/2014,8/2/2014,10/5/2014,10/28/2014,64.57,11.80,
2014,3.5,McNay,6/12/2014,3871,6/19/2014,7/27/2014,8/2/2014,10/5/2014,10/28/2014,65.77,12.30,
2014,2.5,McNay,5/20/2014,4282,5/27/2014,7/16/2014,7/21/2014,9/27/2014,10/28/2014,72.92,12.50,
2014,3.9,McNay,5/20/2014,4035,5/27/2014,7/16/2014,7/21/2014,9/27/2014,10/28/2014,68.87,12.70,
2014,3.5,McNay,5/20/2014,4001,5/27/2014,7/16/2014,7/21/2014,9/27/2014,10/28/2014,67.89,12.20,
2014,2.7,Nashua,5/5/2014,4366,5/21/2014,7/1/2014,7/22/2014,10/3/2014,10/22/2014,74.78,13.00,
2014,2.5,Nashua,5/5/2014,3951,5/21/2014,6/26/2014,7/19/2014,9/28/2014,10/22/2014,67.60,12.90,
2014,2.2,Nashua,5/5/2014,4289,5/21/2014,6/24/2014,7/15/2014,9/25/2014,10/22/2014,72.95,12.40,
2014,2.7,Nashua,5/19/2014,4048,5/27/2014,6/30/2014,7/24/2014,10/6/2014,10/22/2014,68.86,12.40,
2014,2.5,Nashua,5/19/2014,4081,5/27/2014,6/28/2014,7/20/2014,10/1/2014,10/22/2014,69.58,12.60,
2014,2.2,Nashua,5/19/2014,4228,5/27/2014,6/25/2014,7/17/2014,9/28/2014,10/22/2014,72.00,12.50,
2014,2.5,Nashua,6/9/2014,3979,6/17/2014,7/20/2014,8/10/2014,10/15/2014,10/22/2014,67.83,12.60,
2014,2.2,Nashua,6/9/2014,3654,6/17/2014,7/18/2014,8/8/2014,10/10/2014,10/22/2014,62.29,12.60,
2014,2.7,Nashua,6/9/2014,3663,6/17/2014,7/24/2014,8/12/2014,10/18/2014,10/22/2014,62.94,13.30,
2014,2.2,Nashua,6/28/2014,2600,7/5/2014,8/1/2014,8/16/2014,10/20/2014,10/29/2014,44.85,13.60,
2014,2.5,Nashua,6/28/2014,2871,7/5/2014,8/4/2014,8/19/2014,10/23/2014,10/29/2014,49.92,14.30,
2014,2.7,Nashua,6/28/2014,2304,7/5/2014,8/5/2014,8/23/2014,10/25/2014,10/29/2014,40.48,15.20,
2014,2.5,Nashua,6/9/2014,3834,6/17/2014,7/20/2014,8/10/2014,10/11/2014,10/22/2014,65.21,12.40,
2014,2.7,Nashua,6/9/2014,3528,6/17/2014,7/24/2014,8/12/2014,10/16/2014,10/22/2014,60.78,13.50,
2014,2.2,Nashua,6/9/2014,3644,6/17/2014,7/18/2014,8/8/2014,10/10/2014,10/22/2014,61.99,12.40,
2014,2.5,Nashua,5/19/2014,3842,5/27/2014,7/2/2014,7/20/2014,10/1/2014,10/22/2014,65.28,12.30,
2014,2.7,Nashua,5/19/2014,3996,5/27/2014,6/28/2014,7/24/2014,10/6/2014,10/22/2014,68.05,12.50,
2014,2.2,Nashua,5/19/2014,4205,5/27/2014,6/24/2014,7/17/2014,9/28/2014,10/22/2014,71.36,12.20,
2014,2.2,Nashua,5/5/2014,4188,5/21/2014,6/24/2014,7/15/2014,9/25/2014,10/22/2014,71.07,12.20,
2014,2.5,Nashua,5/5/2014,3722,5/21/2014,6/25/2014,7/19/2014,9/28/2014,10/22/2014,63.53,12.70,
2014,2.7,Nashua,5/5/2014,3868,5/21/2014,7/1/2014,7/22/2014,10/3/2014,10/22/2014,65.86,12.50,
2014,2.5,Nashua,6/28/2014,2939,7/5/2014,8/5/2014,8/21/2014,10/23/2014,10/29/2014,50.87,13.90,
2014,2.2,Nashua,6/28/2014,2713,7/5/2014,8/1/2014,8/18/2014,10/20/2014,10/29/2014,46.68,13.40,
2014,2.7,Nashua,6/28/2014,2761,7/5/2014,8/6/2014,8/23/2014,10/25/2014,10/29/2014,48.18,14.60,
2014,2.5,Nashua,6/9/2014,3933,6/17/2014,7/20/2014,8/10/2014,10/15/2014,10/22/2014,67.44,13.10,
2014,2.7,Nashua,6/9/2014,3621,6/17/2014,7/24/2014,8/12/2014,10/18/2014,10/22/2014,62.51,13.70,
2014,2.2,Nashua,6/9/2014,3696,6/17/2014,7/18/2014,8/8/2014,10/10/2014,10/22/2014,63.16,12.80,
2014,2.2,Nashua,6/28/2014,2724,7/5/2014,8/1/2014,8/15/2014,10/21/2014,10/29/2014,47.13,13.90,
2014,2.5,Nashua,6/28/2014,,7/5/2014,8/5/2014,8/19/2014,10/23/2014,10/29/2014,58.07,14.30,
2014,2.7,Nashua,6/28/2014,2731,7/5/2014,8/4/2014,8/23/2014,10/25/2014,10/29/2014,47.98,15.20,
2014,2.5,Nashua,5/19/2014,4546,5/27/2014,7/2/2014,7/20/2014,10/1/2014,10/22/2014,77.77,12.90,
2014,2.2,Nashua,5/19/2014,4532,5/27/2014,6/24/2014,7/17/2014,9/28/2014,10/22/2014,76.99,12.30,
2014,2.7,Nashua,5/19/2014,3953,5/27/2014,7/2/2014,7/24/2014,10/6/2014,10/22/2014,67.39,12.60,
2014,2.5,Nashua,5/5/2014,4054,5/21/2014,6/27/2014,7/19/2014,9/28/2014,10/22/2014,69.27,12.80,
2014,2.7,Nashua,5/5/2014,4243,5/21/2014,6/30/2014,7/22/2014,10/3/2014,10/22/2014,72.41,12.70,
2014,2.2,Nashua,5/5/2014,4435,5/21/2014,6/24/2014,7/15/2014,9/26/2014,10/22/2014,75.44,12.40,
2014,2.7,Nashua,6/28/2014,2694,7/5/2014,8/5/2014,8/21/2014,10/25/2014,10/29/2014,47.44,15.40,
2014,2.5,Nashua,6/28/2014,2946,7/5/2014,8/4/2014,8/21/2014,10/23/2014,10/29/2014,51.64,15.00,
2014,2.2,Nashua,6/28/2014,2833,7/5/2014,8/1/2014,8/19/2014,10/20/2014,10/29/2014,48.80,13.50,
2014,2.2,Nashua,5/5/2014,4447,5/21/2014,6/24/2014,7/15/2014,9/26/2014,10/22/2014,75.47,12.20,
2014,2.7,Nashua,5/5/2014,4384,5/21/2014,6/30/2014,7/22/2014,10/4/2014,10/22/2014,74.56,12.40,
2014,2.5,Nashua,5/5/2014,4217,5/21/2014,6/25/2014,7/19/2014,9/28/2014,10/22/2014,71.98,12.70,
2014,2.2,Nashua,6/9/2014,3990,6/17/2014,7/18/2014,8/8/2014,10/11/2014,10/22/2014,67.63,12.10,
2014,2.7,Nashua,6/9/2014,3771,6/17/2014,7/24/2014,8/10/2014,10/16/2014,10/22/2014,65.03,13.60,
2014,2.5,Nashua,6/9/2014,4150,6/17/2014,7/20/2014,8/12/2014,10/10/2014,10/22/2014,70.75,12.60,
2014,2.2,Nashua,5/19/2014,4254,5/27/2014,6/24/2014,7/20/2014,9/28/2014,10/22/2014,72.43,12.50,
2014,2.7,Nashua,5/19/2014,4459,5/27/2014,6/30/2014,7/24/2014,10/6/2014,10/22/2014,75.94,12.50,
2014,2.5,Nashua,5/19/2014,4218,5/27/2014,7/2/2014,7/17/2014,10/1/2014,10/22/2014,71.91,12.60,
2014,2.7,Sutherland,5/5/2014,4221,5/20/2014,6/28/2014,7/18/2014,10/7/2014,10/16/2014,70.91,11.30,
2014,2.5,Sutherland,5/5/2014,4177,5/20/2014,7/1/2014,7/14/2014,9/30/2014,10/16/2014,70.40,11.60,
2014,2.2,Sutherland,5/5/2014,4000,5/20/2014,7/1/2014,7/14/2014,9/30/2014,10/16/2014,67.50,11.70,
2014,2.7,Sutherland,5/20/2014,3512,5/27/2014,7/9/2014,7/25/2014,10/7/2014,10/16/2014,59.06,11.40,
2014,2.5,Sutherland,5/20/2014,3742,5/27/2014,7/7/2014,7/21/2014,10/7/2014,10/16/2014,63.00,11.50,
2014,2.2,Sutherland,5/20/2014,3645,5/27/2014,7/7/2014,7/21/2014,10/3/2014,10/16/2014,61.09,11.10,
2014,2.5,Sutherland,6/11/2014,3324,6/18/2014,7/21/2014,8/5/2014,10/13/2014,10/29/2014,55.83,11.30,
2014,2.2,Sutherland,6/11/2014,2973,6/18/2014,7/21/2014,8/5/2014,10/13/2014,10/29/2014,49.82,11.10,
2014,2.7,Sutherland,6/11/2014,3155,6/18/2014,7/25/2014,8/5/2014,10/16/2014,10/29/2014,53.00,11.30,
2014,2.2,Sutherland,7/3/2014,1710,7/9/2014,8/12/2014,8/26/2014,10/27/2014,10/29/2014,28.90,11.80,
2014,2.5,Sutherland,7/3/2014,1803,7/9/2014,8/15/2014,8/26/2014,10/27/2014,10/29/2014,31.17,13.80,
2014,2.7,Sutherland,7/3/2014,1593,7/9/2014,8/15/2014,8/26/2014,10/27/2014,10/29/2014,27.45,13.50,
2014,2.5,Sutherland,6/11/2014,3367,6/18/2014,7/25/2014,8/5/2014,10/13/2014,10/29/2014,56.56,11.30,
2014,2.7,Sutherland,6/11/2014,3211,6/18/2014,7/27/2014,8/5/2014,10/13/2014,10/29/2014,53.88,11.20,
2014,2.2,Sutherland,6/11/2014,3131,6/18/2014,7/25/2014,8/5/2014,10/13/2014,10/29/2014,52.48,11.10,
2014,2.5,Sutherland,5/20/2014,3879,5/27/2014,7/7/2014,7/21/2014,10/7/2014,10/16/2014,65.15,11.30,
2014,2.7,Sutherland,5/20/2014,3500,5/27/2014,7/9/2014,7/25/2014,10/7/2014,10/16/2014,58.73,11.20,
2014,2.2,Sutherland,5/20/2014,3766,5/27/2014,7/7/2014,7/21/2014,10/3/2014,10/16/2014,62.97,10.90,
2014,2.2,Sutherland,5/5/2014,3983,5/19/2014,6/28/2014,7/14/2014,9/30/2014,10/16/2014,66.53,10.80,
2014,2.5,Sutherland,5/5/2014,4235,5/19/2014,6/28/2014,7/14/2014,9/30/2014,10/16/2014,70.98,11.10,
2014,2.7,Sutherland,5/5/2014,3956,5/19/2014,7/1/2014,7/18/2014,10/7/2014,10/16/2014,66.31,11.10,
2014,2.5,Sutherland,7/3/2014,1852,7/9/2014,8/15/2014,8/26/2014,10/27/2014,10/29/2014,31.68,12.90,
2014,2.2,Sutherland,7/3/2014,1751,7/9/2014,8/15/2014,8/26/2014,10/27/2014,10/29/2014,29.65,12.00,
2014,2.7,Sutherland,7/3/2014,1779,7/9/2014,8/15/2014,8/26/2014,10/27/2014,10/29/2014,30.47,13.00,
2014,2.5,Sutherland,6/11/2014,3304,6/18/2014,7/21/2014,8/5/2014,10/16/2014,10/29/2014,55.44,11.20,
2014,2.7,Sutherland,6/11/2014,3260,6/18/2014,7/21/2014,8/5/2014,10/16/2014,10/29/2014,54.71,11.20,
2014,2.2,Sutherland,6/11/2014,3268,6/18/2014,7/21/2014,8/5/2014,10/13/2014,10/29/2014,54.77,11.10,
2014,2.2,Sutherland,7/3/2014,1965,7/9/2014,8/12/2014,8/26/2014,10/27/2014,10/29/2014,33.04,11.40,
2014,2.5,Sutherland,7/3/2014,1889,7/9/2014,8/15/2014,8/26/2014,10/27/2014,10/29/2014,32.36,13.00,
2014,2.7,Sutherland,7/3/2014,1509,7/9/2014,8/19/2014,8/26/2014,10/27/2014,10/29/2014,25.87,13.10,
2014,2.5,Sutherland,5/20/2014,3825,5/27/2014,7/21/2014,7/21/2014,10/7/2014,10/16/2014,64.84,12.10,
2014,2.2,Sutherland,5/20/2014,3677,5/27/2014,7/21/2014,7/21/2014,10/3/2014,10/16/2014,61.77,11.30,
2014,2.7,Sutherland,5/20/2014,3655,5/27/2014,7/25/2014,7/25/2014,10/7/2014,10/16/2014,61.54,11.50,
2014,2.5,Sutherland,5/5/2014,4191,5/20/2014,6/28/2014,7/14/2014,9/30/2014,10/16/2014,70.25,11.10,
2014,2.7,Sutherland,5/5/2014,4254,5/20/2014,7/1/2014,7/18/2014,10/7/2014,10/16/2014,71.46,11.30,
2014,2.2,Sutherland,5/5/2014,4168,5/20/2014,6/28/2014,7/14/2014,9/30/2014,10/16/2014,70.10,11.40,
2014,2.7,Sutherland,7/3/2014,1439,7/9/2014,8/15/2014,8/26/2014,10/27/2014,10/29/2014,24.55,12.70,
2014,2.5,Sutherland,7/3/2014,1812,7/9/2014,8/15/2014,8/26/2014,10/27/2014,10/29/2014,30.88,12.60,
2014,2.2,Sutherland,7/3/2014,1663,7/9/2014,8/15/2014,8/26/2014,10/27/2014,10/29/2014,28.22,12.20,
2014,2.2,Sutherland,5/5/2014,4004,5/20/2014,6/28/2014,7/14/2014,9/30/2014,10/16/2014,67.03,11.00,
2014,2.7,Sutherland,5/5/2014,3996,5/20/2014,7/1/2014,7/18/2014,10/7/2014,10/16/2014,67.06,11.20,
2014,2.5,Sutherland,5/5/2014,4190,5/20/2014,6/28/2014,7/14/2014,9/30/2014,10/16/2014,70.47,11.40,
2014,2.2,Sutherland,6/11/2014,3240,6/18/2014,7/21/2014,8/5/2014,10/13/2014,10/29/2014,54.31,11.10,
2014,2.7,Sutherland,6/11/2014,3369,6/18/2014,7/25/2014,8/5/2014,10/16/2014,10/29/2014,56.54,11.20,
2014,2.5,Sutherland,6/11/2014,3438,6/18/2014,7/21/2014,8/5/2014,10/16/2014,10/29/2014,57.75,11.30,
2014,2.2,Sutherland,5/20/2014,3812,5/27/2014,7/7/2014,7/21/2014,10/3/2014,10/16/2014,63.82,11.00,
2014,2.7,Sutherland,5/20/2014,3528,5/27/2014,7/9/2014,7/25/2014,10/7/2014,10/16/2014,59.19,11.20,
2014,2.5,Sutherland,5/20/2014,3822,5/27/2014,7/7/2014,7/21/2014,10/7/2014,10/16/2014,64.13,11.20,
2014,2.5,Ames,5/6/2014,1888,5/20/2014,6/20/2014,7/3/2014,10/3/2014,10/22/2014,32.48,13.40,
2014,2.7,Ames,5/6/2014,2392,5/20/2014,6/20/2014,7/3/2014,10/1/2014,10/22/2014,43.00,17.10,
2014,3.5,Ames,5/6/2014,2446,5/20/2014,6/20/2014,7/3/2014,10/6/2014,10/22/2014,41.94,13.10,
2014,2.2,Ames,5/6/2014,2546,5/20/2014,6/20/2014,7/3/2014,9/28/2014,10/22/2014,43.36,12.50,
2014,3.5,Ames,5/20/2014,2765,5/27/2014,6/26/2014,7/7/2014,10/1/2014,10/22/2014,47.30,12.90,
2014,2.5,Ames,5/20/2014,2876,5/27/2014,6/26/2014,7/7/2014,9/21/2014,10/22/2014,49.09,12.70,
2014,2.7,Ames,5/20/2014,2788,5/27/2014,6/26/2014,7/7/2014,10/2/2014,10/22/2014,47.74,13.00,
2014,2.2,Ames,5/20/2014,3014,5/27/2014,6/26/2014,7/7/2014,9/27/2014,10/22/2014,51.39,12.60,
2014,3.5,Ames,6/10/2014,2208,6/16/2014,7/30/2014,8/1/2014,10/14/2014,10/22/2014,39.63,17.00,
2014,2.7,Ames,6/10/2014,2619,6/16/2014,7/30/2014,8/1/2014,10/8/2014,10/22/2014,45.07,13.40,
2014,2.2,Ames,6/10/2014,2447,6/16/2014,7/30/2014,8/1/2014,10/8/2014,10/22/2014,41.87,12.90,
2014,2.5,Ames,6/10/2014,2346,6/16/2014,7/30/2014,8/1/2014,10/14/2014,10/22/2014,40.23,13.10,
2014,2.2,Ames,7/8/2014,968,7/14/2014,8/13/2014,8/18/2014,10/9/2014,11/10/2014,17.06,15.50,
2014,3.5,Ames,7/8/2014,1346,7/14/2014,8/13/2014,8/18/2014,10/13/2014,11/10/2014,23.35,14.10,
2014,2.7,Ames,7/8/2014,1627,7/14/2014,8/13/2014,8/18/2014,10/10/2014,11/10/2014,27.77,12.70,
2014,2.5,Ames,7/8/2014,1530,7/14/2014,8/13/2014,8/18/2014,10/10/2014,11/10/2014,26.05,12.50,
2014,2.7,Ames,6/10/2014,2498,6/16/2014,7/30/2014,8/1/2014,10/3/2014,10/22/2014,42.74,12.90,
2014,3.5,Ames,6/10/2014,2564,6/16/2014,7/30/2014,8/1/2014,10/17/2014,10/22/2014,45.58,16.20,
2014,2.5,Ames,6/10/2014,2651,6/16/2014,7/30/2014,8/1/2014,10/8/2014,10/22/2014,45.29,12.80,
2014,2.2,Ames,6/10/2014,2665,6/16/2014,7/30/2014,8/1/2014,10/1/2014,10/22/2014,45.49,12.70,
2014,2.7,Ames,5/20/2014,2755,5/27/2014,6/26/2014,7/7/2014,9/28/2014,10/22/2014,46.91,12.50,
2014,2.5,Ames,5/20/2014,2661,5/27/2014,6/26/2014,7/7/2014,10/1/2014,10/22/2014,45.46,12.80,
2014,2.2,Ames,5/20/2014,3065,5/27/2014,6/26/2014,7/7/2014,9/21/2014,10/22/2014,52.31,12.70,
2014,3.5,Ames,5/20/2014,2766,5/27/2014,6/26/2014,7/7/2014,10/2/2014,10/22/2014,47.25,12.80,
2014,2.2,Ames,5/6/2014,2667,5/20/2014,6/20/2014,7/3/2014,10/3/2014,10/22/2014,46.98,15.40,
2014,2.7,Ames,5/6/2014,2957,5/20/2014,6/20/2014,7/3/2014,10/1/2014,10/22/2014,50.76,13.20,
2014,3.5,Ames,5/6/2014,3010,5/20/2014,6/20/2014,7/3/2014,10/6/2014,10/22/2014,51.43,12.80,
2014,2.5,Ames,5/6/2014,2821,5/20/2014,6/20/2014,7/3/2014,9/28/2014,10/22/2014,48.26,12.90,
2014,2.7,Ames,7/8/2014,1051,7/14/2014,8/13/2014,8/18/2014,10/9/2014,11/10/2014,18.26,14.30,
2014,2.2,Ames,7/8/2014,1196,7/14/2014,8/13/2014,8/18/2014,10/13/2014,11/10/2014,20.82,14.40,
2014,2.5,Ames,7/8/2014,1561,7/14/2014,8/13/2014,8/18/2014,10/10/2014,11/10/2014,26.58,12.50,
2014,3.5,Ames,7/8/2014,1290,7/14/2014,8/13/2014,8/18/2014,10/10/2014,11/10/2014,22.07,12.90,
2014,3.5,Ames,6/10/2014,2500,6/16/2014,7/30/2014,8/1/2014,10/3/2014,10/22/2014,42.87,13.10,
2014,2.7,Ames,6/10/2014,2380,6/16/2014,7/30/2014,8/1/2014,10/17/2014,10/22/2014,41.00,13.50,
2014,2.5,Ames,6/10/2014,2711,6/16/2014,7/30/2014,8/1/2014,10/8/2014,10/22/2014,46.48,13.10,
2014,2.2,Ames,6/10/2014,2572,6/16/2014,7/30/2014,8/1/2014,10/1/2014,10/22/2014,44.05,13.00,
2014,2.2,Ames,7/8/2014,914,7/14/2014,8/13/2014,8/18/2014,10/9/2014,11/10/2014,15.86,14.10,
2014,3.5,Ames,7/8/2014,1441,7/14/2014,8/13/2014,8/18/2014,10/13/2014,11/10/2014,24.68,13.00,
2014,2.7,Ames,7/8/2014,1539,7/14/2014,8/13/2014,8/18/2014,10/10/2014,11/10/2014,26.42,13.20,
2014,2.5,Ames,7/8/2014,1646,7/14/2014,8/13/2014,8/18/2014,10/10/2014,11/10/2014,28.22,13.10,
2014,2.7,Ames,5/20/2014,2921,5/27/2014,6/26/2014,7/7/2014,9/28/2014,10/22/2014,50.14,13.20,
2014,2.2,Ames,5/20/2014,2987,5/27/2014,6/26/2014,7/7/2014,10/1/2014,10/22/2014,52.30,14.90,
2014,2.5,Ames,5/20/2014,2715,5/27/2014,6/26/2014,7/7/2014,9/21/2014,10/22/2014,46.56,13.10,
2014,3.5,Ames,5/20/2014,2390,5/27/2014,6/26/2014,7/7/2014,10/2/2014,10/22/2014,40.97,13.10,
2014,2.7,Ames,5/6/2014,2299,5/20/2014,6/20/2014,7/3/2014,10/3/2014,10/22/2014,39.46,13.20,
2014,2.5,Ames,5/6/2014,2476,5/20/2014,6/20/2014,7/3/2014,10/1/2014,10/22/2014,42.41,13.00,
2014,3.5,Ames,5/6/2014,2138,5/20/2014,6/20/2014,7/3/2014,10/6/2014,10/22/2014,38.47,17.20,
2014,2.2,Ames,5/6/2014,2445,5/20/2014,6/20/2014,7/3/2014,9/28/2014,10/22/2014,41.78,12.80,
2014,2.5,Ames,7/8/2014,,7/14/2014,8/13/2014,8/18/2014,10/9/2014,11/10/2014,39.44,12.90,
2014,3.5,Ames,7/8/2014,,7/14/2014,8/13/2014,8/18/2014,10/13/2014,11/10/2014,40.86,13.40,
2014,2.7,Ames,7/8/2014,,7/14/2014,8/13/2014,8/18/2014,10/10/2014,11/10/2014,43.64,14.10,
2014,2.2,Ames,7/8/2014,,7/14/2014,8/13/2014,8/18/2014,10/10/2014,11/10/2014,28.38,15.20,
2014,2.2,Ames,5/6/2014,3411,5/20/2014,6/20/2014,7/3/2014,10/3/2014,10/22/2014,58.35,12.90,
2014,2.5,Ames,5/6/2014,3320,5/20/2014,6/20/2014,7/3/2014,10/1/2014,10/22/2014,56.73,12.80,
2014,3.5,Ames,5/6/2014,3959,5/20/2014,6/20/2014,7/3/2014,10/6/2014,10/22/2014,67.81,13.00,
2014,2.7,Ames,5/6/2014,3686,5/20/2014,6/20/2014,7/3/2014,9/28/2014,10/22/2014,62.99,12.80,
2014,2.2,Ames,6/10/2014,2711,6/16/2014,7/30/2014,8/1/2014,10/3/2014,10/22/2014,46.37,12.90,
2014,3.5,Ames,6/10/2014,2970,6/16/2014,7/30/2014,8/1/2014,10/17/2014,10/22/2014,52.81,16.20,
2014,2.5,Ames,6/10/2014,3466,6/16/2014,7/30/2014,8/1/2014,10/8/2014,10/22/2014,59.71,13.50,
2014,2.7,Ames,6/10/2014,2886,6/16/2014,7/30/2014,8/1/2014,10/1/2014,10/22/2014,49.65,13.40,
2014,3.5,Ames,5/20/2014,2558,5/27/2014,6/26/2014,7/7/2014,9/28/2014,10/22/2014,43.81,13.00,
2014,2.2,Ames,5/20/2014,3380,5/27/2014,6/26/2014,7/7/2014,10/1/2014,10/22/2014,57.75,12.80,
2014,2.5,Ames,5/20/2014,3368,5/27/2014,6/26/2014,7/7/2014,9/21/2014,10/22/2014,60.02,16.40,
2014,2.7,Ames,5/20/2014,3387,5/27/2014,6/26/2014,7/7/2014,10/2/2014,10/22/2014,58.15,13.20,
2014,3.9,Crawford ,5/5/2014,4364,5/23/2014,7/1/2014,7/20/2014,9/24/2014,10/23/2014,74.66,12.90,
2014,3.5,Crawford ,5/5/2014,4147,5/23/2014,6/27/2014,7/18/2014,9/23/2014,10/23/2014,72.10,14.30,
2014,2.5,Crawford ,5/5/2014,4045,5/23/2014,6/27/2014,7/17/2014,9/9/2014,10/23/2014,69.35,13.10,
2014,3.9,Crawford ,5/19/2014,4352,5/27/2014,7/8/2014,7/22/2014,9/25/2014,10/23/2014,74.71,13.20,
2014,3.5,Crawford ,5/19/2014,4033,5/27/2014,7/4/2014,7/22/2014,9/27/2014,10/23/2014,68.91,12.80,
2014,2.5,Crawford ,5/19/2014,3691,5/27/2014,6/30/2014,7/18/2014,9/14/2014,10/23/2014,63.07,12.80,
2014,3.5,Crawford ,6/12/2014,3797,6/19/2014,7/24/2014,8/13/2014,10/8/2014,10/23/2014,65.26,13.30,
2014,2.5,Crawford ,6/12/2014,3553,6/19/2014,7/22/2014,8/2/2014,9/30/2014,10/23/2014,60.72,12.80,
2014,3.9,Crawford ,6/12/2014,3995,6/19/2014,7/28/2014,8/11/2014,10/12/2014,10/23/2014,69.95,14.90,
2014,3.5,Crawford ,6/27/2014,2794,7/4/2014,8/12/2014,8/22/2014,10/23/2014,11/8/2014,46.57,10.60,
2014,2.5,Crawford ,6/27/2014,2837,7/4/2014,8/8/2014,8/15/2014,10/10/2014,11/8/2014,47.33,10.70,
2014,3.9,Crawford ,6/27/2014,2948,7/4/2014,8/12/2014,8/23/2014,10/23/2014,11/8/2014,49.08,10.50,
2014,3.5,Crawford ,6/12/2014,2950,6/19/2014,7/28/2014,8/11/2014,10/9/2014,10/23/2014,50.53,13.00,
2014,3.9,Crawford ,6/12/2014,3034,6/19/2014,7/29/2014,8/12/2014,10/10/2014,10/23/2014,54.34,16.80,
2014,2.5,Crawford ,6/12/2014,2794,6/19/2014,7/23/2014,8/3/2014,9/26/2014,10/23/2014,47.80,12.90,
2014,3.5,Crawford ,5/19/2014,4239,5/27/2014,7/3/2014,7/21/2014,9/23/2014,10/23/2014,72.69,13.10,
2014,3.9,Crawford ,5/19/2014,3817,5/27/2014,7/6/2014,7/23/2014,9/27/2014,10/23/2014,65.21,12.80,
2014,2.5,Crawford ,5/19/2014,3041,5/27/2014,7/1/2014,7/18/2014,9/12/2014,10/23/2014,51.96,12.80,
2014,2.5,Crawford ,5/5/2014,3482,5/23/2014,6/27/2014,7/15/2014,9/8/2014,10/23/2014,59.70,13.10,
2014,3.5,Crawford ,5/5/2014,4169,5/23/2014,6/30/2014,7/18/2014,9/22/2014,10/23/2014,71.24,12.80,
2014,3.9,Crawford ,5/5/2014,4580,5/23/2014,7/1/2014,7/17/2014,9/25/2014,10/23/2014,79.81,14.50,
2014,3.5,Crawford ,6/27/2014,2411,7/4/2014,8/12/2014,8/21/2014,10/23/2014,11/8/2014,40.87,12.10,
2014,2.5,Crawford ,6/27/2014,3070,7/4/2014,8/8/2014,8/15/2014,10/11/2014,11/8/2014,50.75,9.87,
2014,3.9,Crawford ,6/27/2014,3195,7/4/2014,8/13/2014,8/25/2014,10/23/2014,11/8/2014,52.84,9.91,
2014,3.5,Crawford ,6/12/2014,3264,6/19/2014,7/28/2014,8/11/2014,10/10/2014,10/23/2014,56.55,14.00,
2014,3.9,Crawford ,6/12/2014,3328,6/19/2014,7/29/2014,8/12/2014,10/14/2014,10/23/2014,58.20,14.80,
2014,2.5,Crawford ,6/12/2014,3243,6/19/2014,7/23/2014,8/2/2014,9/26/2014,10/23/2014,55.61,13.10,
2014,2.5,Crawford ,6/27/2014,2458,7/4/2014,8/8/2014,8/15/2014,10/12/2014,11/8/2014,40.97,10.60,
2014,3.5,Crawford ,6/27/2014,2550,7/4/2014,8/8/2014,8/21/2014,10/23/2014,11/8/2014,42.65,10.90,
2014,3.9,Crawford ,6/27/2014,2465,7/4/2014,8/12/2014,8/25/2014,10/23/2014,11/8/2014,40.94,10.30,
2014,3.5,Crawford ,5/19/2014,3950,5/27/2014,7/4/2014,7/23/2014,9/24/2014,10/23/2014,68.76,14.40,
2014,2.5,Crawford ,5/19/2014,3144,5/27/2014,7/1/2014,7/18/2014,9/13/2014,10/23/2014,53.84,13.00,
2014,3.9,Crawford ,5/19/2014,4056,5/27/2014,7/10/2014,7/23/2014,9/25/2014,10/23/2014,69.14,12.60,
2014,3.5,Crawford ,5/5/2014,4291,5/23/2014,6/30/2014,7/19/2014,9/24/2014,10/23/2014,73.24,12.70,
2014,3.9,Crawford ,5/5/2014,4416,5/23/2014,7/1/2014,7/20/2014,9/27/2014,10/23/2014,75.28,12.60,
2014,2.5,Crawford ,5/5/2014,4167,5/23/2014,6/27/2014,7/16/2014,9/8/2014,10/23/2014,71.53,13.20,
2014,3.9,Crawford ,6/27/2014,2809,7/4/2014,8/14/2014,8/22/2014,10/23/2014,11/8/2014,45.29,7.60,
2014,3.5,Crawford ,6/27/2014,2552,7/4/2014,8/13/2014,8/20/2014,10/23/2014,11/8/2014,42.62,10.80,
2014,2.5,Crawford ,6/27/2014,2374,7/4/2014,8/8/2014,8/15/2014,10/13/2014,11/8/2014,39.61,10.70,
2014,2.5,Crawford ,5/5/2014,3527,5/23/2014,6/27/2014,7/16/2014,9/8/2014,10/23/2014,59.99,12.40,
2014,3.9,Crawford ,5/5/2014,3931,5/23/2014,7/7/2014,7/19/2014,9/24/2014,10/23/2014,67.01,12.60,
2014,3.5,Crawford ,5/5/2014,4039,5/23/2014,7/1/2014,7/18/2014,9/23/2014,10/23/2014,68.70,12.40,
2014,2.5,Crawford ,6/12/2014,3140,6/19/2014,7/24/2014,8/2/2014,9/27/2014,10/23/2014,53.53,12.60,
2014,3.9,Crawford ,6/12/2014,3740,6/19/2014,7/31/2014,8/12/2014,10/12/2014,10/23/2014,64.80,14.00,
2014,3.5,Crawford ,6/12/2014,3175,6/19/2014,8/1/2014,8/11/2014,10/9/2014,10/23/2014,54.31,12.90,
2014,2.5,Crawford ,5/19/2014,3975,5/27/2014,7/2/2014,7/18/2014,9/15/2014,10/23/2014,68.23,13.20,
2014,3.9,Crawford ,5/19/2014,4280,5/27/2014,7/9/2014,7/24/2014,9/27/2014,10/23/2014,72.96,12.60,
2014,3.5,Crawford ,5/19/2014,4206,5/27/2014,7/7/2014,7/22/2014,9/26/2014,10/23/2014,71.62,12.50,
